guest_id,guest_name,guest_address,guest_email_id,guest_phone,guest_city,room_id,room_no,room_price,room_type,room_currently_booked,reservation_id,reservation_date,check_in,check_out,meal,reservation_created_at
1,Alice,"123 Maple St",alice@example.com,1234567890,Springfield,101,1001,4500,N,1,1,"2024-07-01 10:00:00","2024-07-01 11:00:00",NULL,NULL,"2024-07-01 09:00:00"
2,Bob,"456 Oak St",bob@example.com,2345678901,Riverdale,102,1002,8200,D,1,2,"2024-07-02 12:00:00","2024-07-03 12:00:00",NULL,1,"2024-07-01 10:30:00"
3,Charlie,NULL,charlie@example.com,3456789012,NULL,103,1003,7000,N,1,3,"2024-07-03 14:00:00","2024-07-03 15:00:00",NULL,NULL,"2024-07-02 11:00:00"
4,David,"789 Pine St",NULL,4567890123,Metropolis,104,1004,9000,D,0,4,"2024-07-04 16:00:00","2024-07-04 18:00:00","2024-07-04 20:00:00",0,"2024-07-03 12:00:00"
5,Eve,"135 Birch St",eve@example.com,5678901234,Gotham,105,1005,6500,N,1,5,"2024-01-22 11:00:00","2024-04-24 20:00:00",NULL,NULL,"2024-07-04 13:00:00"
6,Frank,"246 Cedar St",frank@example.com,6789012345,NULL,106,1006,4800,D,0,6,"2024-07-06 20:00:00","2024-07-07 22:00:00","2024-07-14 19:00:00",1,"2024-07-05 14:00:00"
7,NULL,"357 Walnut St",grace@example.com,7890123456,"Star City",107,1007,5700,N,1,7,"2024-01-22 11:00:00","2024-04-24 20:00:00",NULL,NULL,"2024-07-06 15:00:00"
8,Henry,"468 Chestnut St",NULL,8901234567,"Coast City",108,1008,7300,D,0,8,"2024-07-08 10:00:00","2024-07-09 10:00:00","2024-07-14 19:00:00",0,"2024-07-07 16:00:00"
9,Ivy,"579 Willow St",ivy@example.com,9012345678,"Central City",109,1009,8100,N,1,9,"2024-01-22 11:00:00","2024-04-24 20:00:00",NULL,NULL,"2024-07-08 17:00:00"
10,Jake,"680 Elm St",jake@example.com,NULL,Smallville,110,1010,9200,D,0,10,"2024-07-10 14:00:00","2024-07-11 14:00:00","2024-07-14 19:00:00",1,"2024-07-09 18:00:00"
11,Kate,"789 Spruce St",kate@example.com,1123456789,"New York",111,1011,5000,D,1,11,"2024-01-22 11:00:00","2024-04-24 20:00:00",NULL,1,"2024-07-11 09:00:00"
12,Liam,"910 Cypress St",liam@example.com,1234567891,Boston,112,1012,9400,N,1,12,"2024-07-12 12:00:00","2024-07-13 12:00:00",NULL,1,"2024-07-11 10:30:00"
13,Mia,"123 Pine St",mia@example.com,1345678902,Chicago,113,1013,6200,D,1,13,"2024-07-13 14:00:00","2024-07-13 15:00:00",NULL,NULL,"2024-07-12 11:00:00"
14,Noah,"234 Maple St",noah@example.com,1456789013,"Los Angeles",114,1014,8600,N,1,14,"2024-07-14 16:00:00","2024-07-14 18:00:00",NULL,0,"2024-07-13 12:00:00"
15,Olivia,"345 Oak St",olivia@example.com,1567890124,Houston,115,1015,7800,D,1,15,"2024-07-15 18:00:00","2024-07-15 19:00:00",NULL,NULL,"2024-07-14 13:00:00"
16,Paul,"456 Birch St",paul@example.com,1678901235,Phoenix,116,1016,5500,N,0,16,"2024-07-16 20:00:00","2024-07-17 22:00:00","2024-07-14 19:00:00",1,"2024-07-15 14:00:00"
17,Quinn,"567 Cedar St",quinn@example.com,1789012346,Philadelphia,117,1017,4100,D,1,17,"2024-01-22 11:00:00","2024-04-24 20:00:00",NULL,NULL,"2024-07-16 15:00:00"
18,Ryan,"678 Walnut St",ryan@example.com,1890123457,"San Antonio",118,1018,8300,N,0,18,"2024-07-18 10:00:00","2024-07-19 10:00:00","2024-07-14 19:00:00",0,"2024-07-17 16:00:00"
19,Sophia,"789 Chestnut St",sophia@example.com,1901234568,"San Diego",119,1019,6800,D,1,19,"2024-01-22 11:00:00","2024-04-24 20:00:00",NULL,NULL,"2024-07-18 17:00:00"
20,Thomas,"890 Willow St",thomas@example.com,2012345679,Dallas,120,1020,9100,N,1,20,"2024-07-20 14:00:00","2024-07-21 14:00:00",NULL,1,"2024-07-19 18:00:00"
21,Uma,"101 Elm St",uma@example.com,2112345678,Orlando,121,1021,6700,D,1,21,"2024-07-21 15:00:00","2024-07-22 15:00:00",NULL,1,"2024-07-20 11:00:00"
22,Vera,"202 Maple Ave",vera@example.com,2223456789,Seattle,122,1022,5400,N,1,22,"2024-07-22 12:00:00","2024-07-23 12:00:00",NULL,1,"2024-07-21 10:30:00"
23,Will,"303 Oak Ave",will@example.com,2334567890,Denver,123,1023,6000,D,1,23,"2024-01-22 11:00:00","2024-04-24 20:00:00",NULL,1,"2024-07-22 12:00:00"
24,Xena,"404 Pine Ave",xena@example.com,2445678901,Atlanta,124,1024,7100,N,1,24,"2024-07-24 16:00:00","2024-07-25 16:00:00",NULL,1,"2024-07-23 14:00:00"
25,Yara,"505 Cedar Ave",yara@example.com,2556789012,Austin,125,1025,6500,D,0,25,"2024-07-25 18:00:00","2024-07-26 18:00:00","2024-07-26 17:00:00",1,"2024-07-24 15:00:00"
26,Zane,"606 Walnut Ave",zane@example.com,2667890123,Miami,126,1026,7300,N,0,26,"2024-07-26 20:00:00","2024-07-27 20:00:00","2024-07-27 19:00:00",0,"2024-07-25 16:00:00"
27,Ava,"707 Chestnut Ave",ava@example.com,2778901234,"Las Vegas",127,1027,8000,D,1,27,"2024-01-22 11:00:00","2024-04-24 20:00:00",NULL,1,"2024-07-26 18:00:00"
28,Ben,"808 Willow Ave",ben@example.com,2889012345,"San Francisco",128,1028,6700,N,1,28,"2024-07-28 10:00:00","2024-07-29 10:00:00",NULL,0,"2024-07-27 11:00:00"
29,Clara,"909 Maple St",clara@example.com,2990123456,"San Jose",129,1029,6200,D,1,29,"2024-01-22 11:00:00","2024-04-24 20:00:00",NULL,1,"2024-07-28 12:00:00"
30,Dean,"1010 Pine St",dean@example.com,3012345677,Portland,130,1030,7500,N,1,30,"2024-01-22 11:00:00","2024-04-24 20:00:00",NULL,0,"2024-07-29 13:00:00"
31,Ella,"111 Maple St",ella@example.com,3123456789,Indianapolis,131,1031,6500,D,1,31,"2024-07-31 16:00:00","2024-08-01 16:00:00",NULL,1,"2024-07-30 14:00:00"
32,Frank,"222 Oak St",frank@example.com,3234567890,Columbus,132,1032,6200,N,1,32,"2024-01-22 11:00:00","2024-04-24 20:00:00",NULL,1,"2024-07-31 15:00:00"
33,Grace,"333 Elm St",grace@example.com,3345678901,Cleveland,133,1033,5700,D,0,33,"2024-08-02 20:00:00","2024-08-03 20:00:00","2024-08-03 19:00:00",1,"2024-08-01 16:00:00"
34,Henry,"444 Pine St",henry@example.com,3456789012,Baltimore,134,1034,7100,N,0,34,"2024-08-03 22:00:00","2024-08-04 22:00:00","2024-08-04 21:00:00",0,"2024-08-02 17:00:00"
35,Ivy,"555 Cedar St",ivy@example.com,3567890123,Minneapolis,135,1035,7300,D,1,35,"2024-01-22 11:00:00","2024-04-24 20:00:00",NULL,1,"2024-08-03 18:00:00"
36,Jack,"666 Walnut St",jack@example.com,3678901234,"St. Louis",136,1036,6800,N,1,36,"2024-08-05 14:00:00","2024-08-06 14:00:00",NULL,0,"2024-08-04 19:00:00"
37,Kara,"777 Chestnut St",kara@example.com,3789012345,"Kansas City",137,1037,7200,D,1,37,"2024-01-22 11:00:00","2024-04-24 20:00:00",NULL,1,"2024-08-05 20:00:00"
38,Leo,"888 Willow St",leo@example.com,3890123456,Omaha,138,1038,6400,N,1,38,"2024-08-07 18:00:00","2024-08-08 18:00:00",NULL,0,"2024-08-06 21:00:00"
39,Mona,"999 Maple Ave",mona@example.com,3901234567,Tampa,139,1039,6900,D,1,39,"2024-01-22 11:00:00","2024-04-24 20:00:00",NULL,1,"2024-08-07 22:00:00"
40,Nate,"1010 Oak Ave",nate@example.com,4012345678,Orlando,140,1040,7000,N,1,40,"2024-08-09 10:00:00","2024-08-10 10:00:00",NULL,1,"2024-08-08 15:00:00"
41,Olga,"1111 Elm Ave",olga@example.com,4123456789,Huntsville,141,1041,6200,D,0,41,"2024-08-10 12:00:00","2024-08-11 12:00:00","2024-08-11 11:00:00",0,"2024-08-09 16:00:00"
42,Paul,"1212 Pine Ave",paul@example.com,4234567890,Charleston,142,1042,6500,N,1,42,"2024-08-11 14:00:00","2024-08-12 14:00:00",NULL,1,"2024-08-10 17:00:00"
43,Quinn,"1313 Cedar Ave",quinn@example.com,4345678901,Jacksonville,143,1043,6300,D,1,43,"2024-08-12 16:00:00","2024-08-13 16:00:00",NULL,0,"2024-08-11 18:00:00"
44,Rita,"1414 Walnut Ave",rita@example.com,4456789012,Raleigh,144,1044,6900,N,0,44,"2024-08-13 18:00:00","2024-08-14 18:00:00","2024-08-14 17:00:00",1,"2024-08-12 19:00:00"
45,Sam,"1515 Chestnut Ave",sam@example.com,4567890123,Lexington,145,1045,7500,D,1,45,"2024-08-14 20:00:00","2024-08-15 20:00:00",NULL,1,"2024-08-13 20:00:00"
46,Tina,"1616 Willow Ave",tina@example.com,4678901234,Chattanooga,146,1046,6200,N,1,46,"2024-08-15 22:00:00","2024-08-16 22:00:00",NULL,0,"2024-08-14 21:00:00"
47,Ursula,"1717 Maple St",ursula@example.com,4789012345,Knoxville,147,1047,6700,D,1,47,"2024-01-22 11:00:00","2024-04-24 20:00:00",NULL,1,"2024-08-15 22:00:00"
48,Victor,"1818 Oak St",victor@example.com,4890123456,Asheville,148,1048,6900,N,1,48,"2024-08-17 12:00:00","2024-08-18 12:00:00",NULL,1,"2024-08-16 23:00:00"
49,Wendy,"1919 Elm St",wendy@example.com,4901234567,Birmingham,149,1049,7400,D,0,49,"2024-08-18 14:00:00","2024-08-19 14:00:00","2024-08-19 13:00:00",1,"2024-08-17 16:00:00"
50,Xander,"2020 Pine St",xander@example.com,5012345678,Greensboro,150,1050,6500,N,1,50,"2024-08-19 16:00:00","2024-08-20 16:00:00",NULL,0,"2024-08-18 17:00:00"
51,Yvonne,"2121 Cedar St",yvonne@example.com,5123456789,Charleston,151,1051,7000,D,1,51,"2024-01-22 11:00:00","2024-04-24 20:00:00",NULL,1,"2024-08-19 18:00:00"
52,Zara,"2222 Walnut St",zara@example.com,5234567890,Mobile,152,1052,6800,N,0,52,"2024-08-21 20:00:00","2024-08-22 20:00:00","2024-08-22 19:00:00",0,"2024-08-20 19:00:00"
53,Amy,"2323 Chestnut St",amy@example.com,5345678901,Augusta,153,1053,6500,D,1,53,"2024-01-22 11:00:00","2024-04-24 20:00:00",NULL,1,"2024-08-21 20:00:00"
54,Brad,"2424 Willow St",brad@example.com,5456789012,Jackson,154,1054,7100,N,1,54,"2024-08-23 12:00:00","2024-08-24 12:00:00",NULL,1,"2024-08-22 22:00:00"
55,Cindy,"2525 Maple Ave",cindy@example.com,5567890123,Gulfport,155,1055,6300,D,1,55,"2024-01-22 11:00:00","2024-04-24 20:00:00",NULL,1,"2024-08-23 23:00:00"
56,Derek,"2626 Oak Ave",derek@example.com,5678901234,Dothan,156,1056,6600,N,0,56,"2024-08-25 16:00:00","2024-08-26 16:00:00","2024-08-26 15:00:00",1,"2024-08-24 21:00:00"
57,Eva,"2727 Elm Ave",eva@example.com,5789012345,Pensacola,157,1057,7000,D,1,57,"2024-01-22 11:00:00","2024-04-24 20:00:00",NULL,1,"2024-08-25 22:00:00"
58,Felix,"2828 Pine Ave",felix@example.com,5890123456,Sarasota,158,1058,7400,N,1,58,"2024-08-27 20:00:00","2024-08-28 20:00:00",NULL,0,"2024-08-26 23:00:00"
59,Gina,"2929 Cedar Ave",gina@example.com,5901234567,Ocala,159,1059,6700,D,1,59,"2024-01-22 11:00:00","2024-04-24 20:00:00",NULL,1,"2024-08-27 20:00:00"
60,Hank,"3030 Walnut Ave",hank@example.com,6012345678,Melbourne,160,1060,6600,N,0,60,"2024-08-29 10:00:00","2024-08-30 10:00:00","2024-08-30 09:00:00",1,"2024-08-28 21:00:00"
61,Iris,"3131 Maple St",iris@example.com,6123456789,Peoria,161,1061,6800,D,1,61,"2024-01-22 11:00:00","2024-04-24 20:00:00",NULL,1,"2024-08-31 15:00:00"
62,John,"3232 Oak St",john@example.com,6234567890,Topeka,162,1062,6900,N,1,62,"2024-09-02 18:00:00","2024-09-03 18:00:00",NULL,1,"2024-09-01 16:00:00"
63,Karen,"3333 Elm St",karen@example.com,6345678901,Shreveport,163,1063,6200,D,0,63,"2024-09-03 20:00:00","2024-09-04 20:00:00","2024-09-04 19:00:00",1,"2024-09-02 17:00:00"
64,Leo,"3434 Pine St",leo@example.com,6456789012,"Fort Worth",164,1064,7300,N,1,64,"2024-09-04 22:00:00","2024-09-05 22:00:00",NULL,1,"2024-09-03 18:00:00"
65,Mia,"3535 Cedar St",mia@example.com,6567890123,Lubbock,165,1065,6500,D,0,65,"2024-09-05 12:00:00","2024-09-06 12:00:00","2024-09-06 11:00:00",0,"2024-09-04 19:00:00"
66,Nate,"3636 Walnut St",nate@example.com,6678901234,Waco,166,1066,6800,N,1,66,"2024-09-06 14:00:00","2024-09-07 14:00:00",NULL,1,"2024-09-05 20:00:00"
67,Olivia,"3737 Willow St",olivia@example.com,6789012345,Midland,167,1067,7000,D,1,67,"2024-01-22 11:00:00","2024-04-24 20:00:00",NULL,1,"2024-09-06 21:00:00"
68,Paul,"3838 Maple Ave",paul@example.com,6890123456,Odessa,168,1068,6900,N,1,68,"2024-09-08 18:00:00","2024-09-09 18:00:00",NULL,0,"2024-09-07 22:00:00"
69,Quinn,"3939 Oak Ave",quinn@example.com,6901234567,Laredo,169,1069,6400,D,0,69,"2024-09-09 20:00:00","2024-09-10 20:00:00","2024-09-10 19:00:00",1,"2024-09-08 21:00:00"
70,Rita,"4040 Elm Ave",rita@example.com,7012345678,McAllen,170,1070,7100,N,1,70,"2024-09-10 22:00:00","2024-09-11 22:00:00",NULL,1,"2024-09-09 23:00:00"
71,Sam,"4141 Pine Ave",sam@example.com,7123456789,Brownsville,171,1071,6500,D,1,71,"2024-01-22 11:00:00","2024-04-24 20:00:00",NULL,0,"2024-09-10 20:00:00"
72,Tina,"4242 Cedar Ave",tina@example.com,7234567890,"San Angelo",172,1072,6700,N,1,72,"2024-09-12 12:00:00","2024-09-13 12:00:00",NULL,1,"2024-09-11 22:00:00"
73,Ursula,"4343 Walnut Ave",ursula@example.com,7345678901,"Wichita Falls",173,1073,6200,D,0,73,"2024-09-13 14:00:00","2024-09-14 14:00:00","2024-09-14 13:00:00",1,"2024-09-12 23:00:00"
74,Victor,"4444 Willow Ave",victor@example.com,7456789012,Abilene,174,1074,6900,N,0,74,"2024-09-14 16:00:00","2024-09-15 16:00:00","2024-09-15 15:00:00",1,"2024-09-13 21:00:00"
75,Wendy,"4545 Maple St",wendy@example.com,7567890123,Temple,175,1075,7300,D,1,75,"2024-09-15 18:00:00","2024-09-16 18:00:00",NULL,1,"2024-09-14 22:00:00"
76,Xander,"4646 Oak St",xander@example.com,7678901234,"San Marcos",176,1076,6800,N,1,76,"2024-09-16 20:00:00","2024-09-17 20:00:00",NULL,0,"2024-09-15 23:00:00"
77,Yvonne,"4747 Elm St",yvonne@example.com,7789012345,Killeen,177,1077,7000,D,1,77,"2024-01-22 11:00:00","2024-04-24 20:00:00",NULL,1,"2024-09-16 23:00:00"
78,Zara,"4848 Pine St",zara@example.com,7890123456,"Harker Heights",178,1078,7200,N,0,78,"2024-09-18 10:00:00","2024-09-19 10:00:00","2024-09-19 09:00:00",0,"2024-09-17 21:00:00"
79,Amy,"4949 Cedar St",amy@example.com,7901234567,"Copperas Cove",179,1079,6500,D,1,79,"2024-01-22 11:00:00","2024-04-24 20:00:00",NULL,1,"2024-09-18 20:00:00"
80,Brad,"5050 Walnut St",brad@example.com,8012345678,Hewitt,180,1080,6800,N,1,80,"2024-09-20 14:00:00","2024-09-21 14:00:00",NULL,0,"2024-09-19 22:00:00"
81,Cindy,"5151 Willow St",cindy@example.com,8123456789,Lakeway,181,1081,6900,D,1,81,"2024-09-21 16:00:00","2024-09-22 16:00:00",NULL,1,"2024-09-20 21:00:00"
82,Derek,"5252 Maple Ave",derek@example.com,8234567890,Pflugerville,182,1082,6500,N,1,82,"2024-09-22 18:00:00","2024-09-23 18:00:00",NULL,1,"2024-09-21 22:00:00"
83,Eva,"5353 Oak Ave",eva@example.com,8345678901,Leander,183,1083,7200,D,1,83,"2024-01-22 11:00:00","2024-04-24 20:00:00",NULL,1,"2024-09-22 23:00:00"
84,Felix,"5454 Cedar Ave",felix@example.com,8456789012,"Cedar Park",184,1084,7000,N,1,84,"2024-09-24 22:00:00","2024-09-25 22:00:00",NULL,1,"2024-09-23 22:00:00"
85,Gina,"5555 Walnut Ave",gina@example.com,8567890123,Georgetown,185,1085,6800,D,1,85,"2024-09-25 10:00:00","2024-09-26 10:00:00",NULL,1,"2024-09-24 21:00:00"
86,Hank,"5656 Willow Ave",hank@example.com,8678901234,"Round Rock",186,1086,7100,N,0,86,"2024-09-26 12:00:00","2024-09-27 12:00:00","2024-09-27 11:00:00",1,"2024-09-25 20:00:00"
87,Iris,"5757 Maple St",iris@example.com,8789012345,Buda,187,1087,6700,D,1,87,"2024-01-22 11:00:00","2024-04-24 20:00:00",NULL,1,"2024-09-26 22:00:00"
88,John,"5858 Oak St",john@example.com,8890123456,Kyle,188,1088,6900,N,1,88,"2024-09-28 16:00:00","2024-09-29 16:00:00",NULL,0,"2024-09-27 23:00:00"
89,Karen,"5959 Elm St",karen@example.com,8901234567,Hutto,189,1089,6800,D,1,89,"2024-01-22 11:00:00","2024-04-24 20:00:00",NULL,1,"2024-09-28 20:00:00"
90,Leo,"6060 Pine St",leo@example.com,9012345678,"San Antonio",190,1090,7300,N,0,90,"2024-09-30 20:00:00","2024-10-01 20:00:00","2024-10-01 19:00:00",0,"2024-09-29 22:00:00"
91,Mia,"6161 Cedar St",mia@example.com,9123456789,Seguin,191,1091,6500,D,1,91,"2024-01-22 11:00:00","2024-04-24 20:00:00",NULL,1,"2024-09-30 23:00:00"
92,Nate,"6262 Walnut St",nate@example.com,9234567890,"New Braunfels",192,1092,7000,N,1,92,"2024-10-02 12:00:00","2024-10-03 12:00:00",NULL,1,"2024-10-01 21:00:00"
93,Olivia,"6363 Willow St",olivia@example.com,9345678901,"San Marcos",193,1093,6800,D,1,93,"2024-01-22 11:00:00","2024-04-24 20:00:00",NULL,1,"2024-10-02 22:00:00"
94,Paul,"6464 Maple Ave",paul@example.com,9456789012,Kyle,194,1094,6900,N,1,94,"2024-10-04 16:00:00","2024-10-05 16:00:00",NULL,0,"2024-10-03 23:00:00"
95,Quinn,"6565 Oak Ave",quinn@example.com,9567890123,Buda,195,1095,6700,D,1,95,"2024-01-22 11:00:00","2024-04-24 20:00:00",NULL,1,"2024-10-04 21:00:00"
96,Rita,"6666 Cedar Ave",rita@example.com,9678901234,"Round Rock",196,1096,7100,N,0,96,"2024-10-06 20:00:00","2024-10-07 20:00:00","2024-10-07 19:00:00",0,"2024-10-05 22:00:00"
97,Sam,"6767 Walnut Ave",sam@example.com,9789012345,"Cedar Park",197,1097,6800,D,1,97,"2024-01-22 11:00:00","2024-05-14 20:00:00",NULL,1,"2024-07-11 10:11:11"
98,Tina,"6868 Willow Ave",tina@example.com,9890123456,Leander,198,1098,6500,N,1,98,"2024-10-08 10:00:00","2024-10-09 10:00:00",NULL,1,"2024-10-07 22:00:00"
99,Ursula,"6969 Maple St",ursula@example.com,9901234567,Georgetown,199,1099,7000,D,1,99,"2024-01-22 11:00:00","2024-05-14 20:00:00",NULL,0,"2024-07-11 10:11:11"
100,Victor,"7070 Oak St",victor@example.com,1001234567,Pflugerville,200,1100,6900,N,1,100,"2024-10-10 14:00:00","2024-10-11 14:00:00",NULL,1,"2024-10-09 23:00:00"
101,Wendy,"7171 Cedar St",wendy@example.com,1012345678,Kyle,201,1101,6800,D,1,101,"2024-10-11 16:00:00","2024-10-12 16:00:00",NULL,1,"2024-10-10 20:00:00"
102,Xander,"7272 Walnut St",xander@example.com,1023456789,"San Antonio",202,1102,6700,N,0,102,"2024-10-12 18:00:00","2024-10-13 18:00:00","2024-10-12 17:00:00",1,"2024-10-11 22:00:00"
103,Yara,"7373 Willow St",yara@example.com,1034567890,Seguin,203,1103,7000,D,1,103,"2024-10-13 20:00:00","2024-10-14 20:00:00",NULL,1,"2024-10-12 21:00:00"
104,Zane,"7474 Maple Ave",zane@example.com,1045678901,"New Braunfels",204,1104,6800,N,1,104,"2024-10-14 22:00:00","2024-10-15 22:00:00",NULL,0,"2024-10-13 22:00:00"
105,Alice,"7575 Oak Ave",alice@example.com,1056789012,Pflugerville,205,1105,6900,D,1,105,"2024-10-15 10:00:00","2024-10-16 10:00:00",NULL,1,"2024-10-14 21:00:00"
106,Bob,"7676 Cedar Ave",bob@example.com,1067890123,Buda,206,1106,6700,N,0,106,"2024-10-16 12:00:00","2024-10-17 12:00:00","2024-10-16 11:00:00",1,"2024-10-15 23:00:00"
107,Cara,"7777 Walnut Ave",cara@example.com,1078901234,"San Marcos",207,1107,7100,D,1,107,"2024-10-17 14:00:00","2024-10-18 14:00:00",NULL,1,"2024-10-16 22:00:00"
108,Dan,"7878 Willow St",dan@example.com,1089012345,Georgetown,208,1108,6800,N,1,108,"2024-10-18 16:00:00","2024-10-19 16:00:00",NULL,0,"2024-10-17 21:00:00"
109,Ella,"7979 Maple Ave",ella@example.com,1090123456,"Round Rock",209,1109,7000,D,1,109,"2024-01-22 11:00:00","2024-05-14 20:00:00",NULL,1,"2024-07-11 10:11:11"
110,Fred,"8080 Oak St",fred@example.com,1101234567,Leander,210,1110,6900,N,1,110,"2024-10-20 20:00:00","2024-10-21 20:00:00",NULL,0,"2024-10-19 21:00:00"
111,Grace,"8181 Cedar St",grace@example.com,1112345678,Hutto,211,1111,6800,D,1,111,"2024-01-22 11:00:00","2024-05-14 20:00:00",NULL,1,"2024-07-11 10:11:11"
112,Holly,"8282 Walnut St",holly@example.com,1123456789,Kyle,212,1112,6700,N,1,112,"2024-01-22 11:00:00","2024-05-14 20:00:00",NULL,0,"2024-07-11 10:11:11"
113,Ian,"8383 Willow Ave",ian@example.com,1134567890,"Cedar Park",213,1113,7200,D,1,113,"2024-01-22 11:00:00","2024-05-14 20:00:00",NULL,1,"2024-07-11 10:11:11"
114,Judy,"8484 Maple St",judy@example.com,1145678901,Buda,214,1114,6800,N,1,114,"2024-01-22 11:00:00","2024-05-14 20:00:00",NULL,1,"2024-07-11 10:11:11"
115,Kevin,"8585 Oak Ave",kevin@example.com,1156789012,"San Marcos",215,1115,7100,D,1,115,"2024-10-25 18:00:00","2024-10-26 18:00:00",NULL,1,"2024-10-24 20:00:00"
116,Lena,"8686 Willow St",lena@example.com,1167890123,Georgetown,216,1116,6500,N,0,116,"2024-10-26 20:00:00","2024-10-27 20:00:00","2024-10-26 19:00:00",0,"2024-10-25 23:00:00"
117,Mona,"8787 Cedar Ave",mona@example.com,1178901234,Leander,217,1117,6900,D,1,117,"2024-01-22 11:00:00","2024-05-14 20:00:00",NULL,1,"2024-07-11 10:11:11"
118,Nina,"8888 Walnut Ave",nina@example.com,1189012345,"Round Rock",218,1118,6800,N,0,118,"2024-10-28 12:00:00","2024-10-29 12:00:00","2024-10-28 11:00:00",1,"2024-10-27 23:00:00"
119,Oscar,"8989 Oak St",oscar@example.com,1190123456,Hutto,219,1119,7000,D,1,119,"2024-01-22 11:00:00","2024-05-14 20:00:00",NULL,0,"2024-07-11 10:11:11"
120,Pam,"9090 Maple Ave",pam@example.com,1201234567,Pflugerville,220,1120,6900,N,1,120,"2024-01-22 11:00:00","2024-05-14 20:00:00",NULL,1,"2024-07-11 10:11:11"
121,Amit,"1001 First St",amit@example.com,1211234567,Mumbai,221,1121,6000,N,1,121,"2024-01-22 11:00:00","2024-05-14 20:00:00",NULL,1,"2024-07-11 10:11:11"
122,Ravi,"1002 Second St",ravi@example.com,1221234567,Delhi,222,1122,7000,D,1,122,"2024-03-22 11:00:00","2024-05-20 20:00:00",NULL,0,"2024-01-11 10:11:11"
123,Priya,"1003 Third St",priya@example.com,1231234567,Chennai,223,1123,8000,N,1,123,"2024-01-22 11:00:00","2024-05-14 20:00:00",NULL,1,"2024-07-11 10:11:11"
124,Sanjay,"1004 Fourth St",sanjay@example.com,1241234567,Kolkata,224,1124,9000,D,0,124,"2024-11-04 16:00:00","2024-11-05 16:00:00","2024-11-06 16:00:00",0,"2024-11-02 23:00:00"
125,Anita,"1005 Fifth St",anita@example.com,1251234567,Pune,225,1125,5500,N,1,125,"2024-11-05 16:00:00","2024-11-06 16:00:00",NULL,1,"2024-11-03 23:00:00"
126,Rahul,"1006 Sixth St",rahul@example.com,1261234567,Hyderabad,226,1126,6500,D,0,126,"2024-11-06 16:00:00","2024-11-07 16:00:00","2024-11-08 16:00:00",0,"2024-11-04 23:00:00"
127,Kavita,"1007 Seventh St",kavita@example.com,1271234567,Ahmedabad,227,1127,7500,N,1,127,"2024-01-22 11:00:00","2024-05-14 20:00:00",NULL,1,"2024-07-11 10:11:11"
128,Arjun,"1008 Eighth St",arjun@example.com,1281234567,Bangalore,228,1128,8500,D,0,128,"2024-11-08 16:00:00","2024-11-09 16:00:00","2024-11-10 16:00:00",0,"2024-11-06 23:00:00"
129,Pooja,"1009 Ninth St",pooja@example.com,1291234567,Jaipur,229,1129,9500,N,1,129,"2024-01-22 11:00:00","2024-05-14 20:00:00",NULL,1,"2024-07-11 10:11:11"
130,Vikram,"1010 Tenth St",vikram@example.com,1301234567,Lucknow,230,1130,5000,D,1,130,"2024-01-22 11:00:00","2024-05-14 20:00:00",NULL,0,"2024-07-11 10:11:11"
131,Shweta,"1011 Eleventh St",shweta@example.com,1311234567,Indore,231,1131,6000,N,1,131,"2024-11-11 16:00:00","2024-11-12 16:00:00",NULL,1,"2024-11-09 23:00:00"
132,Rakesh,"1012 Twelfth St",rakesh@example.com,1321234567,Patna,232,1132,7000,D,1,132,"2024-01-22 11:00:00","2024-05-14 20:00:00",NULL,0,"2024-07-11 10:11:11"
133,Sneha,"1013 Thirteenth St",sneha@example.com,1331234567,Chandigarh,233,1133,8000,N,1,133,"2024-11-13 16:00:00","2024-11-14 16:00:00",NULL,1,"2024-11-11 23:00:00"
134,Gaurav,"1014 Fourteenth St",gaurav@example.com,1341234567,Bhopal,234,1134,9000,D,0,134,"2024-11-14 16:00:00","2024-11-15 16:00:00","2024-11-16 16:00:00",0,"2024-11-12 23:00:00"
135,Neha,"1015 Fifteenth St",neha@example.com,1351234567,Guwahati,235,1135,5500,N,1,135,"2024-01-22 11:00:00","2024-05-14 20:00:00",NULL,1,"2024-07-11 10:11:11"
136,Manish,"1016 Sixteenth St",manish@example.com,1361234567,Nagpur,236,1136,6500,D,0,136,"2024-11-16 16:00:00","2024-11-17 16:00:00","2024-11-18 16:00:00",0,"2024-11-14 23:00:00"
137,Sunita,"1017 Seventeenth St",sunita@example.com,1371234567,Thiruvananthapuram,237,1137,7500,N,1,137,"2024-01-22 11:00:00","2024-05-14 20:00:00",NULL,1,"2024-07-11 10:11:11"
138,Ajay,"1018 Eighteenth St",ajay@example.com,1381234567,Kanpur,238,1138,8500,D,0,138,"2024-11-18 16:00:00","2024-11-19 16:00:00","2024-11-20 16:00:00",0,"2024-11-16 23:00:00"
139,Meena,"1019 Nineteenth St",meena@example.com,1391234567,Surat,239,1139,9500,N,1,139,"2024-01-22 11:00:00","2024-05-14 20:00:00",NULL,1,"2024-07-11 10:11:11"
140,Rohit,"1020 Twentieth St",rohit@example.com,1401234567,Vadodara,240,1140,5000,D,1,140,"2024-01-22 11:00:00","2024-05-14 20:00:00",NULL,0,"2024-07-11 10:11:11"
141,Divya,"1021 Twenty-first St",divya@example.com,1411234567,Raipur,241,1141,6000,N,1,141,"2024-01-22 11:00:00","2024-05-14 20:00:00",NULL,1,"2024-07-11 10:11:11"
142,Vivek,"1022 Twenty-second St",vivek@example.com,1421234567,Kochi,242,1142,7000,D,0,142,"2024-11-22 16:00:00","2024-11-23 16:00:00","2024-11-24 16:00:00",0,"2024-11-20 23:00:00"
143,Sonia,"1023 Twenty-third St",sonia@example.com,1431234567,Agra,243,1143,8000,N,1,143,"2024-11-23 16:00:00","2024-11-24 16:00:00",NULL,1,"2024-11-21 23:00:00"
144,Vikas,"1024 Twenty-fourth St",vikas@example.com,1441234567,Ranchi,244,1144,9000,D,0,144,"2024-11-24 16:00:00","2024-11-25 16:00:00","2024-11-26 16:00:00",0,"2024-11-22 23:00:00"
145,Nisha,"1025 Twenty-fifth St",nisha@example.com,1451234567,Shimla,245,1145,5500,N,1,145,"2024-01-22 11:00:00","2024-05-14 20:00:00",NULL,1,"2024-07-11 10:11:11"
146,Ramesh,"1026 Twenty-sixth St",ramesh@example.com,1461234567,Panaji,246,1146,6500,D,0,146,"2024-11-26 16:00:00","2024-11-27 16:00:00","2024-11-28 16:00:00",0,"2024-11-24 23:00:00"
147,Asha,"1027 Twenty-seventh St",asha@example.com,1471234567,Gangtok,247,1147,7500,N,1,147,"2024-01-22 11:00:00","2024-05-14 20:00:00",NULL,1,"2024-07-11 10:11:11"
148,Naveen,"1028 Twenty-eighth St",naveen@example.com,1481234567,Shillong,248,1148,8500,D,0,148,"2024-11-28 16:00:00","2024-11-29 16:00:00","2024-11-30 16:00:00",0,"2024-11-26 23:00:00"
149,Meghna,"1029 Twenty-ninth St",meghna@example.com,1491234567,Imphal,249,1149,9500,N,1,149,"2024-01-22 11:00:00","2024-05-14 20:00:00",NULL,1,"2024-07-11 10:11:11"
150,Kiran,"1030 Thirtieth St",kiran@example.com,1501234567,Aizawl,250,1150,5000,D,0,150,"2024-11-30 16:00:00","2024-12-01 16:00:00","2024-12-02 16:00:00",0,"2024-11-28 23:00:00"
151,Ankur,"1031 Thirty-first St",ankur@example.com,1511234567,Tirupati,251,1151,5500,N,1,151,"2024-03-22 11:00:00","2024-05-20 20:00:00",NULL,1,"2024-01-11 10:11:11"
152,Simran,"1032 Thirty-second St",simran@example.com,1521234567,Gurgaon,252,1152,6500,D,0,152,"2024-12-02 16:00:00","2024-12-03 16:00:00","2024-12-04 16:00:00",0,"2024-11-30 23:00:00"
153,Kiran,"1030 Thirty-third St",kiran@example.com,1501234567,Aizawl,253,1153,7500,N,1,153,"2024-03-22 11:00:00","2024-05-20 20:00:00",NULL,1,"2024-01-11 10:11:11"
154,Ritika,"1034 Thirty-fourth St",ritika@example.com,1541234567,Mysore,254,1154,8500,D,1,154,"2024-03-22 11:00:00","2024-05-20 20:00:00",NULL,0,"2024-01-11 10:11:11"
155,Rajesh,"1035 Thirty-fifth St",rajesh@example.com,1551234567,Coimbatore,255,1155,9500,N,1,155,"2024-12-05 16:00:00","2024-12-06 16:00:00",NULL,1,"2024-12-03 23:00:00"
156,Preeti,"1036 Thirty-sixth St",preeti@example.com,1561234567,Udaipur,256,1156,5000,D,0,156,"2024-12-06 16:00:00","2024-12-07 16:00:00","2024-12-08 16:00:00",0,"2024-12-04 23:00:00"
157,Nitin,"1037 Thirty-seventh St",nitin@example.com,1571234567,Kakinada,257,1157,6000,N,1,157,"2024-03-22 11:00:00","2024-05-20 20:00:00",NULL,1,"2024-01-11 10:11:11"
158,Rahul,"1006 Sixth St",rahul@example.com,1261234567,Hyderabad,258,1158,7000,D,0,158,"2024-12-08 16:00:00","2024-12-09 16:00:00","2024-12-10 16:00:00",0,"2024-12-06 23:00:00"
159,Ravi,"1039 Thirty-ninth St",ravi@example.com,1591234567,Guwahati,259,1159,8000,N,1,159,"2024-03-22 11:00:00","2024-05-20 20:00:00",NULL,1,"2024-01-11 10:11:11"
160,Gaurav,"1014 Fourteenth St",gaurav@example.com,1341234567,Bhopal,260,1160,9000,D,1,160,"2024-03-22 11:00:00","2024-05-20 20:00:00",NULL,0,"2024-01-11 10:11:11"
161,Amit,"1041 Forty-first St",amit@example.com,1611234567,Tirunelveli,261,1161,5000,N,1,161,"2024-03-22 11:00:00","2024-05-20 20:00:00",NULL,1,"2024-01-11 10:11:11"
162,Raj,"1042 Forty-second St",raj@example.com,1621234567,Rourkela,262,1162,5500,D,1,162,"2024-03-22 11:00:00","2024-05-20 20:00:00",NULL,0,"2024-01-11 10:11:11"
163,Priti,"1043 Forty-third St",priti@example.com,1631234567,Nashik,263,1163,6500,N,1,163,"2024-03-22 11:00:00","2024-05-20 20:00:00",NULL,1,"2024-01-11 10:11:11"
164,Sandeep,"1044 Forty-fourth St",sandeep@example.com,1641234567,Kota,264,1164,7500,D,0,164,"2024-12-14 16:00:00","2024-12-15 16:00:00","2024-12-16 16:00:00",0,"2024-12-12 23:00:00"
165,Kriti,"1045 Forty-fifth St",kriti@example.com,1651234567,Aligarh,265,1165,8500,N,1,165,"2024-12-15 16:00:00","2024-12-16 16:00:00",NULL,1,"2024-12-13 23:00:00"
166,Amit,"1046 Forty-sixth St",amit@example.com,1661234567,Haldwani,266,1166,9500,D,0,166,"2024-12-16 16:00:00","2024-12-17 16:00:00","2024-12-18 16:00:00",0,"2024-12-14 23:00:00"
167,Nidhi,"1047 Forty-seventh St",nidhi@example.com,1671234567,Ujjain,267,1167,5000,N,1,167,"2024-03-22 11:00:00","2024-05-20 20:00:00",NULL,1,"2024-01-11 10:11:11"
168,Amit,"1048 Forty-eighth St",amit@example.com,1681234567,Bhagalpur,268,1168,6000,D,0,168,"2024-12-18 16:00:00","2024-12-19 16:00:00","2024-12-20 16:00:00",0,"2024-12-16 23:00:00"
169,Tanvi,"1049 Forty-ninth St",tanvi@example.com,1691234567,Mangalore,269,1169,7000,N,1,169,"2024-03-22 11:00:00","2024-05-20 20:00:00",NULL,1,"2024-01-11 10:11:11"
170,Ravi,"1050 Fiftieth St",ravi@example.com,1701234567,Shimla,270,1170,8000,D,1,170,"2024-03-22 11:00:00","2024-05-20 20:00:00",NULL,0,"2024-01-11 10:11:11"
171,Priya,"1051 Fifty-first St",priya@example.com,1711234567,Kullu,271,1171,9000,N,1,171,"2024-12-21 16:00:00","2024-12-22 16:00:00",NULL,1,"2024-12-19 23:00:00"
172,Nisha,"1052 Fifty-second St",nisha@example.com,1721234567,Dehradun,272,1172,5000,D,1,172,"2024-03-22 11:00:00","2024-05-20 20:00:00",NULL,0,"2024-01-11 10:11:11"
173,Vikram,"1053 Fifty-third St",vikram@example.com,1731234567,Patiala,273,1173,5500,N,1,173,"2024-12-23 16:00:00","2024-12-24 16:00:00",NULL,1,"2024-12-21 23:00:00"
174,Sanya,"1054 Fifty-fourth St",sanya@example.com,1741234567,Sonipat,274,1174,6500,D,0,174,"2024-12-24 16:00:00","2024-12-25 16:00:00","2024-12-26 16:00:00",0,"2024-12-22 23:00:00"
175,Rajesh,"1055 Fifty-fifth St",rajesh@example.com,1751234567,Jodhpur,275,1175,7500,N,1,175,"2024-03-22 11:00:00","2024-05-20 20:00:00",NULL,1,"2024-01-11 10:11:11"
176,Anjali,"1056 Fifty-sixth St",anjali@example.com,1761234567,Hapur,276,1176,8500,D,0,176,"2024-12-26 16:00:00","2024-12-27 16:00:00","2024-12-28 16:00:00",0,"2024-12-24 23:00:00"
177,Amit,"1057 Fifty-seventh St",amit2@example.com,1771234567,Bhopal,277,1177,9500,N,1,177,"2024-03-22 11:00:00","2024-05-20 20:00:00",NULL,1,"2024-01-11 10:11:11"
178,Vikram,"1010 Tenth St",vikram@example.com,1301234567,Lucknow,278,1178,5000,D,0,178,"2024-12-28 16:00:00","2024-12-29 16:00:00","2024-12-30 16:00:00",0,"2024-12-26 23:00:00"
179,Poonam,"1059 Fifty-ninth St",poonam@example.com,1791234567,Faridabad,279,1179,6000,N,1,179,"2024-03-22 11:00:00","2024-05-20 20:00:00",NULL,1,"2024-01-11 10:11:11"
180,Sanjay,"1060 Sixtieth St",sanjay@example.com,1801234567,Gurgaon,280,1180,7000,D,0,180,"2024-12-30 16:00:00","2024-12-31 16:00:00","2024-12-31 23:00:00",0,"2024-12-28 23:00:00"
